{
    "external_urls": {
        "spotify": "https://open.spotify.com/artist/2QsynagSdAqZj3U9HgDzjD"
    },
    "followers": {
        "href": null,
        "total": 9130484
    },
    "genres": [
        "reggae",
        "roots reggae"
    ],
    "href": "https://api.spotify.com/v1/artists/2QsynagSdAqZj3U9HgDzjD",
    "id": "2QsynagSdAqZj3U9HgDzjD",
    "images": [
        {
            "height": 858,
            "url": "https://i.scdn.co/image/b5aae2067db80f694a980e596e7f49618c1206c9",
            "width": 1000
        },
        {
            "height": 549,
            "url": "https://i.scdn.co/image/4cd57e5e12ea2c24644c40886d65a9b22eca9802",
            "width": 640
        },
        {
            "height": 172,
            "url": "https://i.scdn.co/image/02fd758d9805ef44d1caafc35ff17a47f9dff098",
            "width": 200
        },
        {
            "height": 55,
            "url": "https://i.scdn.co/image/357fe6ef3655b1b33855e33546e3c174a38a1a36",
            "width": 64
        }
    ],
    "name": "Bob Marley & The Wailers",
    "popularity": 83,
      "type": "artist",
    "uri": "spotify:artist:2QsynagSdAqZj3U9HgDzjD"
}